0,0,0,0
0.012,0,0,0
0.028,0,0,0
0.045,0,0,0
0.062,0,0,0
0.078,0,0,0
0.095,0,0,0
0.112,0,0,0
0.129,0,0,0
0.145,0,0,0
0.162,0,0,0
0.178,0,0,0
0.195,0,0,0
0.212,0,0,0
0.229,0,0,0
0.245,0,0,0
0.262,0,0,0
0.278,0,0,0
0.295,0,0,0
0.312,0,0,0
0.329,-2.55,-1.525,-0.298
0.345,-1.103,-0.34,-0.764
0.362,-1.215,-0.383,-0.571
0.379,-0.692,-0.983,0.471
0.395,-1.101,-0.983,0.615
0.412,-1.36,-0.074,0.384
0.429,-1.36,-0.074,0.384
0.445,-2.229,0.904,0.143
0.462,-2.609,1.716,0.948
0.479,-2.045,1.646,2.317
0.495,-1.074,2.472,4.019
0.512,-0.88,4.991,5.964
0.529,0.09,6.943,7.435
0.545,1.516,7.877,8.601
0.562,5.168,7.516,9.996
0.579,5.168,7.516,9.996
0.595,6.672,9.207,10.453
0.612,6.672,9.207,10.453
0.629,4.264,10.888,4.014
0.645,3.898,10.225,1.864
0.662,2.478,9.981,0.73
0.679,-7.593,7.534,-3.318
0.695,-7.593,7.534,-3.318
0.712,-12.575,5.286,-3.094
0.729,-19.201,2.357,-1.177
0.745,-22.679,-2.091,1.052
0.761,-21.889,-3.951,3.219
0.778,-18.629,-4.813,4.071
0.795,-16.682,-4.045,4.867
0.81,-12.832,-8.993,7.833
0.827,-7.078,-1.915,10.239
0.844,-7.078,-1.915,10.239
0.86,-1.556,-1.797,7.49
0.876,-1.004,-3.305,6.086
0.892,1.81,-3.026,5.118
0.908,1.81,-3.026,5.118
0.924,8.368,4.805,-0.657
0.94,9.117,7.044,-1.716
0.956,4.144,3.091,2.504
0.972,2.108,1.593,2.272
0.989,-0.463,4.316,1.475
1.005,-1.833,1.947,1.682
1.021,-3.475,0.248,2.508
1.037,-7.039,0.474,2.437
1.053,-4.865,0.935,1.278
1.069,1.644,2.79,0.549
1.086,3.587,2.785,1.419
1.101,4.353,2.328,2.827
1.117,5.733,3.591,2.726
1.134,5.733,3.591,2.726
1.15,7.631,4.185,2.005
1.167,9.665,7.084,1.25
1.184,6.913,6.897,0.381
1.199,2.905,4.998,0.453
1.215,-6.35,0.726,0.826
1.231,-11.425,-3.36,0.742
1.246,-11.994,-3.693,1.189
1.262,-10.403,-4.541,1.43
1.279,-9.748,-5.921,0.701
1.294,-9.423,-5.283,1.315
1.31,-5.425,-3.648,0.266
1.327,-2.764,-3.609,0.835
1.342,1.382,-1.129,2.023
1.358,6.462,2.328,4.598
1.375,6.462,2.328,4.598
1.39,5.818,4.175,3.167
1.406,3.53,3.998,2.679
1.423,2.906,4.103,3.32
1.44,0.952,3.765,3.153
1.455,0.952,3.765,3.153
1.472,0.967,4.326,2.735
1.489,1.374,4.31,2.902
1.505,2.369,3.877,2.063
1.521,2.377,3.411,1.483
1.536,1.773,3.485,1.406
1.551,-1.707,0.855,1.658
1.568,-1.707,0.855,1.658
1.585,-5.768,-0.876,1.551
1.601,-5.741,-3.069,0.729
1.617,-4.547,-3.446,0.764
1.634,-3.648,-4.227,0.798
1.649,-2.424,-4.609,1.058
1.665,-0.189,-1.064,2.332
1.681,0.579,-0.486,2.061
1.697,3.097,0.963,1.798
1.714,5.805,1.625,3.667
1.731,3.346,3.772,0.111
1.747,3.346,3.772,0.111
1.763,3.909,2.231,1.61
1.78,-0.367,0.793,4.048
1.796,1.248,4.676,-0.048
1.812,1.877,2.916,-0.557
1.829,1.598,1.457,0.647
1.845,0.426,0.8,3.217
1.861,-0.515,0.394,2.972
1.877,-1.573,1.134,1.59
1.893,-2.066,0.185,1.94
1.909,-1.543,-0.096,2.678
1.925,0.086,-1.321,2.01
1.941,-0.647,-2.362,1.973
1.957,-1.403,-2.333,2.057
1.973,-2.484,-1.931,1.73
1.989,-0.927,0.562,0.378
2.005,-1.407,0.848,0.771
2.021,-0.864,0.799,0.944
2.037,0.305,0.313,0.943
2.053,5.444,1.705,0.952
2.07,7.783,4.049,1.778
2.086,5.562,5.575,2.697
2.101,3.538,3.842,0.762
2.117,2.009,-1.001,0.89
2.134,0.865,-2.506,2.036
2.15,0.322,-3,1.562
2.167,1.078,-2.479,1.762
2.184,1.382,-2.07,1.843
2.199,-1.736,-1.456,1.463
2.215,-2.2,-1.195,0.475
2.231,-2.037,-0.231,0.96
2.246,-0.538,-0.38,3.688
2.262,0.481,-0.717,1.471
2.279,1.592,-4.042,1.77
2.295,3.241,-4.181,2.723
2.311,2.658,-5.319,0.949
2.328,2.428,-5.035,0.633
2.344,2.173,-4.851,0.723
2.36,2.695,-6.317,0.67
2.377,2.778,-6.342,0.232
2.392,2.814,-3.879,-0.399
2.408,2.804,-5.687,-1.329
2.425,1.972,-5.932,0.426
2.441,-3.208,11.452,0.436
2.457,7.14,23.682,-10.115
2.474,7.401,13.583,-5.852
2.49,3.418,2.492,-0.802
2.505,1.811,-2.795,2.686
2.522,1.84,-3.894,3.002
2.538,2.465,-0.633,3.29
2.554,4.17,3.872,4.378
2.571,5.562,1.702,11.011
2.587,4.552,0.283,6.532
2.603,2.491,-0.308,1.835
2.62,2.031,-0.147,1.074
2.636,1.662,-0.213,0.479
2.652,1.654,0.218,0.517
2.668,1.347,0.473,0.587
2.684,1.196,0.407,0.567
2.7,1.035,0.032,0.536
2.717,0.956,0.001,0.348
2.734,0.811,0.108,0.161
2.749,0.761,0.111,0.123
2.766,0.761,0.111,0.123
2.782,0.921,0.098,0.242
2.797,1.222,0.203,0.324
2.814,1.477,0.109,0.364
2.829,1.486,-0.056,0.301
2.845,1.641,0.076,0.293
2.861,1.818,0.454,0.836
2.877,1.818,0.454,0.836
2.892,1.687,0.381,1.017
2.908,1.711,0.322,1.333
2.925,1.696,0.143,1.615
2.94,1.673,0.034,1.708
2.956,1.653,-0.005,1.814
2.973,1.545,0.139,1.847
2.988,1.348,0.369,1.749
3.004,1.289,0.582,1.541
3.021,1.27,0.561,1.403
3.036,1.362,0.729,1.096
3.052,1.423,0.413,0.935
3.067,1.451,0.331,0.898
3.082,1.458,0.179,0.791
3.098,1.352,0.075,0.698
3.115,1.195,-0.05,0.558
3.13,1.124,-0.033,0.538
3.146,0.948,-0.053,0.431
3.163,0.95,-0.016,0.415
3.178,0.938,0.117,0.385
3.194,0.989,0.117,0.366
3.211,0.891,0.13,0.385
3.226,0.81,0.119,0.427
3.242,0.641,0.095,0.499
3.259,0.589,0.144,0.509
3.275,0.53,0.25,0.565
3.291,0.535,0.238,0.627
3.308,0.493,0.184,0.668
3.324,0.392,0.21,0.673
3.34,0.392,0.21,0.673
3.357,0.382,0.229,0.658
3.373,0.412,0.206,0.563
3.389,0.373,0.217,0.335
3.405,0.319,0.071,0.175
3.42,0.319,0.071,0.175
3.43,0.156,-0.01,0.012
3.445,0.094,0.122,-0.012
3.462,0.027,0.296,0.011
3.478,0.027,0.296,0.011
3.495,0.087,0.274,0.142
3.512,0.014,0.289,0.248
3.528,-0.075,0.282,0.416
3.545,-0.047,0.213,0.524
3.562,-0.019,0.127,0.764
3.578,-0.083,0.283,1.256
3.595,-0.346,0.372,1.453
3.612,-0.473,0.391,1.536
3.628,-0.496,0.383,1.761
3.645,-0.515,0.554,2.294
3.662,-0.675,1.071,2.976
3.678,-0.75,1.607,3.198
3.695,-0.67,1.693,3.015
3.712,-0.401,1.758,1.952
3.728,-1.389,1.512,0.494
3.745,-1.389,1.512,0.494
3.762,0.94,-0.503,-1.055
3.778,1.909,-0.898,-1.485
3.795,1.784,-0.894,-1.647
3.812,0.391,-0.613,-1.698
3.828,-1.01,-0.751,-0.829
3.845,-0.777,-0.606,-0.628
3.862,-0.118,-0.43,-0.53
3.878,0.056,-0.056,-0.168
3.895,-0.337,-0.213,0.064
3.912,-0.711,-0.34,0.798
3.928,-0.859,-0.318,1.167
3.945,-0.859,-0.107,1.443
3.962,-0.559,0.491,2.309
3.978,0.044,0.74,1.858
3.995,0.212,0.505,1.986
4.011,0.441,0.077,1.502
4.027,0.38,-1.541,1.101
4.042,0.38,-1.541,1.101
4.059,0.475,-1.913,1.481
4.076,0.48,-1.826,1.073
4.092,0.165,-1.451,1.197
4.108,-0.014,-1.356,1.078
4.125,-0.19,-1.375,0.974
4.14,-0.48,-1.468,1.014
4.156,-0.498,-1.644,1.102
4.172,-0.389,-1.149,1.585
4.188,0.221,-0.63,1.407
4.204,0.683,-0.578,1.236
4.221,0.658,-0.546,1.104
4.237,0.61,-0.406,0.973
4.253,0.807,-0.228,-0.014
4.27,1.189,0.002,-0.604
4.285,1.681,0.583,-0.814
4.301,3.144,4.036,0.647
4.317,-0.151,9.803,6.901
4.333,-0.151,9.803,6.901
4.348,0.064,2.441,-0.197
4.365,1.792,-4.08,-3.061
4.38,2.382,-6.417,-2.523
4.396,2.859,-5.742,-2.026
4.413,2.964,-4.744,-1.984
4.428,2.377,-2.609,-2.708
4.444,2.163,0.391,-2.211
4.46,1.136,1.674,-2.9
4.475,0.841,2.041,-2.787
4.491,0.2,1.249,-2.069
4.507,-0.147,0.836,-1.617
4.523,-0.662,0.488,-1.319
4.538,-2.245,0.446,1.269
4.555,-2.147,1.057,-0.609
4.57,-1.964,0.912,-0.816
4.586,-1.864,0.868,-0.32
4.603,-2.259,-0.214,0.527
4.618,-2.304,-0.402,0.446
4.634,-2.367,-0.581,0.145
4.65,-2.367,-0.581,0.145
4.665,-2.141,-0.073,-0.035
4.681,-1.654,0.153,0.103
4.698,-1.24,0.14,0.43
4.713,-1.086,0.165,0.645
4.729,-0.974,0.028,0.959
4.744,-0.256,0.375,1.597
4.759,-0.057,0.591,1.586
4.775,0.4,0.29,1.876
4.791,0.724,0.016,2.294
4.807,1.379,-0.075,3.085
4.822,1.596,-0.224,1.281
4.838,1.719,-0.201,0.407
4.855,1.686,0.189,0.056
4.87,1.027,1.187,-0.654
4.886,0.025,1.151,-0.53
4.903,-0.85,1.056,0.046
4.918,-1.369,0.889,0.695
4.934,-2.436,1.189,2.61
4.951,-3.152,2.518,8.746
4.966,-3.447,3.356,11.438
4.982,-3.138,4.305,9.042
4.999,-2.122,4.103,4.199
5.014,-2.4,4.591,6.38
5.03,-1.637,4.621,2.508
5.047,-0.91,3.958,0.504
5.063,1.707,1.436,-0.69
5.079,1.866,0.927,-1.852
5.096,1.809,0.781,-3.302
5.111,2.138,0.909,-5.145
5.127,1.064,0.893,-4.158
5.144,0.664,0.639,-3.532
5.159,0.519,0.86,-3.128
5.175,-0.093,1.11,-1.473
5.192,-0.093,1.11,-1.473
5.208,0.216,0.171,-1.079
5.224,0.342,-0.237,-2.151
5.24,0.859,-1.122,-2.65
5.256,1.089,-1.577,-2.213
5.271,1.051,-2.377,-3.242
5.288,1.051,-2.377,-3.242
5.304,1.429,-2.661,-2.956
5.319,2.237,-2.596,-2.544
5.335,3.114,-2.575,-1.749
5.351,3.399,-2.698,-1.185
5.366,3.4,-2.836,-0.194
5.382,2.735,-2.645,0.345
5.399,2.24,-2.374,0.52
5.414,1.118,-1.4,0.544
5.43,0.221,-0.544,1.177
5.445,-0.147,-0.234,2.522
5.46,-0.216,-0.203,2.531
5.476,-0.047,0.368,1.948
5.493,-0.229,1.443,2.655
5.508,-0.751,1.991,3.463
5.524,-1.283,2.323,3.756
5.54,-1.324,2.418,2.056
5.555,-0.581,1.381,1.568
5.571,0.398,0.455,1.618
5.587,2.514,-0.475,0.76
5.602,4.41,1.702,-0.546
5.618,5.486,4.479,-1.607
5.634,4.414,3.594,-0.415
5.649,2.643,1.416,-0.101
5.665,1.662,-1.161,0.008
5.682,1.575,-2.292,-0.972
5.697,1.141,-3.794,-2.093
5.713,1.082,-3.562,-2.489
5.729,1.157,-1.867,-2.944
5.744,1.048,1.553,-4.181
5.76,0.144,2.733,-4.703
5.777,-0.553,1.556,-3.344
5.792,-1.032,0.558,-2.847
5.808,-1.945,-1.055,-2.036
5.825,-1.945,-1.055,-2.036
5.841,-2.641,-1.574,-1.174
5.856,-2.541,-1.393,-0.689
5.871,-2.26,-0.406,-0.552
5.887,-2.215,0.876,-1.05
5.902,-2.096,1.301,-1.184
5.919,-2.011,1.267,-1.225
5.936,-1.736,0.647,-0.582
5.951,-0.935,-0.004,0.368
5.967,-0.61,-0.136,0.785
5.983,-0.317,-0.561,1.27
5.998,-0.14,-0.621,2.033
6.014,0.7,0.202,4.61
6.029,1.77,0.562,8.004
6.045,1.781,0.63,6.932
6.061,0.504,-0.027,1.713
6.077,1.214,0.383,1.92
6.092,1.336,0.113,-0.324
6.108,0.973,0.02,-0.624
6.125,0.76,0.416,-0.438
6.14,0.131,1.883,-0.432
6.156,-0.775,1.887,-0.4
6.173,-1.195,1.69,-0.256
6.188,-2.82,4.021,0.643
6.204,-4.695,4.639,2.987
6.221,-5.851,4.037,7.14
6.236,-5.749,3.612,10.888
6.251,-4.681,3.71,10.835
6.268,-0.93,3.455,6.42
6.283,0.056,2.049,4.509
6.299,0.228,1.084,0.974
6.315,1.198,2.289,-2.119
6.33,0.712,1.926,-4.386
6.346,-0.739,1.564,-5.922
6.362,-1.399,1.69,-5.126
6.377,-1.62,2.124,-4.197
6.393,0.457,1.914,-2.485
6.409,2.067,2.018,-1.574
6.425,1.938,1.86,-1.435
6.441,2.055,1.711,-0.817
6.457,2.839,-0.968,-3.41
6.472,2.632,-1.417,-3.309
6.488,2.342,-1.812,-2.333
6.505,1.893,-2.24,-2.005
6.521,2.318,-2.683,-2.611
6.536,2.369,-2.812,-1.91
6.552,3.169,-2.993,-0.838
6.568,3.387,-3.318,-1.058
6.583,3.308,-3.668,-1.324
6.598,2.207,-4.077,-0.742
6.614,1.225,-3.952,-0.768
6.629,0.813,-3.84,-0.95
6.645,0.402,-3.711,-1.009
6.661,-0.332,-3.37,-0.25
6.676,-0.704,-2.894,0.449
6.692,-3.126,1.778,3.634
6.707,-4.415,4.065,4.8
6.722,-6.049,7.914,5.89
6.738,-4.031,6.722,5.058
6.755,-2.289,5.306,3.515
6.77,0.768,2.566,0.808
6.786,3.792,0.722,0.017
6.803,6.197,2.15,-0.16
6.818,7.383,3.965,-0.84
6.834,8.454,4.774,-0.142
6.851,4.378,-0.75,0.124
6.866,2.993,-4.109,-2.806
6.882,2.149,-5.864,-2.2
6.899,2.591,-3.975,-3.053
6.914,2.959,-2.461,-3.903
6.93,3.2,0.593,-5.138
6.947,2.388,2.98,-5.762
6.962,1.719,3.426,-4.763
6.978,0.47,2.003,-2.914
6.995,-0.322,0.315,-2.512
7.01,-1.268,-0.707,-2.251
7.026,-1.817,-0.864,-1.071
7.043,-2.051,-0.863,-0.672
7.058,-2.758,0.128,-0.319
7.074,-2.802,-0.074,-0.12
7.09,-2.838,-0.205,-0.111
7.106,-2.009,0.242,-0.1
7.122,-1.186,0.559,0.464
7.138,-0.975,0.555,0.544
7.153,-0.739,0.412,0.742
7.168,-0.425,0.645,1.238
7.184,-0.143,0.825,1.972
7.2,0.302,0.258,1.998
7.215,0.656,-0.1,2.486
7.232,1.463,-0.588,3.813
7.248,1.765,-0.59,3.714
7.263,1.863,-0.425,3.031
7.279,1.891,-0.021,2.299
7.295,2.261,0.911,0.399
7.31,1.372,2.447,-0.177
7.326,0.605,2.771,0.801
7.342,0.36,2.359,1.349
7.357,-0.278,1.749,1.722
7.373,-1.509,1.292,2.469
7.39,-2.28,1.836,2.573
7.405,-3.27,3.453,1.313
7.421,-3.988,3.325,1.474
7.437,-5.152,2.278,4.529
7.452,-3.178,2.818,10.062
7.468,-2.141,3.628,9.441
7.485,1.002,2.319,3.317
7.499,0.926,2.236,3.046
7.515,0.234,2.256,2.624
7.531,0.234,2.256,2.624
7.546,0.7,3.82,-3.785
7.562,0.7,3.82,-3.785
7.578,1.11,1.935,-2.998
7.593,0.762,2.492,-1.509
7.609,1.159,2.379,-1.843
7.625,1.166,2.822,-1.554
7.641,1.154,1.71,-0.797
7.657,1.304,0.727,-1.945
7.674,1.853,-1.158,-3.089
7.689,1.405,-2.151,-2.08
7.705,1.064,-2.651,-2.901
7.721,1.266,-2.936,-2.777
7.736,2.674,-4.076,-2.444
7.752,2.992,-4.512,-2.5
7.769,3.01,-4.871,-2.751
7.784,2.836,-4.87,-2.686
7.8,2.544,-4.773,-2.603
7.816,1.972,-4.503,-2.056
7.832,1.745,-4.341,-2.004
7.847,1.241,-3.964,-1.784
7.862,-0.566,-1.969,0.862
7.878,-3.294,2.071,6.497
7.893,-5.374,5.15,10.907
7.909,-3.958,5.018,4.069
7.925,-1.975,4.333,2.053
7.94,0.007,3.908,1.69
7.956,1.988,3.535,2.608
7.973,6.558,2.962,5.779
7.988,7.858,4.522,3.354
8.005,9.454,6.585,-2.731
8.022,3.143,-4.317,-4.451
8.038,0.12,-5.575,-5.92
8.054,0.01,-3.851,-5.282
8.07,-0.095,-1.541,-5.873
8.085,0.265,2.655,-6.618
8.101,0.457,1.816,-6.274
8.117,-1.196,1.622,-5.737
8.132,-1.56,1.563,-5.469
8.148,-1.906,0.742,-4.6
8.164,-2.354,-0.505,-3.338
8.179,-2.139,-0.671,-2.225
8.195,-2.02,-0.071,-1.002
8.211,-1.84,-0.149,-0.46
8.226,-1.933,-0.52,-0.541
8.242,-1.593,-0.328,-0.462
8.259,-1.368,-0.046,-0.299
8.274,-1.344,0.098,-0.032
8.29,-0.912,0.667,1.241
8.306,-0.807,0.759,1.025
8.322,-0.588,0.946,1.385
8.338,-0.351,0.094,4.291
8.354,-0.585,0.036,3.645
8.371,-0.741,-0.21,2.863
8.386,-0.627,-0.111,1.621
8.402,-0.792,-0.301,0.546
8.418,-0.763,-0.316,0.428
8.433,-0.415,-0.293,0.677
8.449,-0.204,-0.471,0.827
8.465,0.319,-0.216,0.88
8.48,0.425,0.068,0.744
8.496,0.453,0.362,0.636
8.512,0.519,0.831,0.351
8.528,0.464,0.801,0.148
8.544,0.073,1.181,-0.489
8.56,-0.401,1.561,-0.691
8.574,-1.71,2.217,-0.569
8.59,-3.026,2.322,0.974
8.607,-3.733,2.27,2.337
8.623,-4.344,2.906,3.213
8.639,-6.083,4.594,5.566
8.656,-3.772,3.721,4.56
8.671,-3.291,3.319,5.736
8.687,-3.872,3.397,3.742
8.704,-4.245,3.124,1.856
8.718,-3.915,0.335,1.178
8.734,-1.927,-0.733,-1.628
8.751,-0.857,0.028,-2.972
8.766,-0.418,1.235,-4.24
8.782,-0.965,1.816,-3.499
8.799,-2.33,2.798,-3.182
8.815,-2.226,2.905,-3.009
8.831,-0.49,3.814,-2.421
8.847,-0.49,3.814,-2.421
8.862,1.774,1.63,-1.562
8.877,1.861,-0.297,-3.779
8.893,1.091,-1.61,-5.357
8.908,0.852,-1.799,-3.852
8.924,0.912,-1.881,-3.825
8.94,1.552,-2.924,-4.649
8.955,1.82,-2.857,-4.166
8.971,2.629,-2.356,-3.384
8.988,3.399,-2.289,-3.034
9.003,4.324,-2.461,-2.566
9.018,4.931,-3.779,-1.894
9.034,4.23,-4.644,-1.497
9.05,3.966,-4.622,-0.92
9.065,3.65,-4.376,-0.278
9.081,2.833,-3.268,0.966
9.097,2.528,-2.98,1.261
9.112,1.534,-1.894,2.781
9.128,0.746,-0.775,3.602
9.145,-2.432,4.653,5.201
9.16,-4.794,8.653,5.854
9.176,-7.812,7.889,3.971
9.192,-5.205,6.992,2.34
9.207,-3.027,4.998,0.56
9.223,-0.282,-2.4,-1.513
9.24,0.876,-3.35,-1.424
9.255,3.295,0.1,-1.957
9.271,4.336,2.623,-2.032
9.287,7.216,5.699,-1.469
9.302,6.931,3.143,-1.109
9.318,3.281,-1.191,-0.777
9.333,1.105,-4.565,0.383
9.348,1.394,-5.119,-0.156
9.364,1.698,-4.854,-1.472
9.38,1.698,-4.854,-1.472
9.396,2.027,-2.124,-2.586
9.412,1.874,1.344,-4.027
9.428,0.396,4.272,-4.365
9.443,-0.652,2.336,-2.327
9.459,-1.207,0.023,-1.32
9.475,-1.304,-0.335,-1.536
9.49,-1.304,-0.335,-1.536
9.506,-1.542,-0.238,-1.563
9.522,-1.363,-0.149,-0.915
9.537,-2.141,-0.111,-0.634
9.553,-2.141,-0.111,-0.634
9.569,-3.051,-1.01,-0.801
9.584,-2.564,-0.623,-0.943
9.599,-1.844,-0.215,-0.824
9.615,-1.484,-0.331,-0.839
9.631,-0.786,-0.669,-0.403
9.646,-0.561,-0.457,-0.252
9.662,-0.393,-0.277,0.093
9.678,-0.08,0.27,1.441
9.693,-0.061,0.443,1.921
9.709,0.225,1.275,5.466
9.725,0.375,1.451,8.648
9.74,-0.006,0.714,2.255
9.756,-0.797,0.522,1
9.772,-0.905,-0.063,0.563
9.787,-1.418,-0.57,-0.993
9.803,-1.565,-0.096,-1.03
9.819,-2.028,1.788,-0.362
9.834,-2.141,2.209,0.03
9.85,-2.683,3.216,0.1
9.866,-2.905,4.089,-0.059
9.881,-3.78,5.303,0.873
9.897,-3.003,4.903,12.311
9.913,-1.852,4.909,18.095
9.928,-0.437,5.054,2.736
9.944,-1.047,3.368,1.794
9.961,-0.497,-0.009,-0.184
9.976,0.503,-0.674,-0.896
9.992,2.764,2.511,-2.714
10.008,1.926,1.578,-3.189
10.022,0.681,1.656,-3.357
10.038,-0.326,2.567,-2.527
10.054,0.802,2.279,-1.318
10.069,0.975,1.922,-2.725
10.085,0.621,1.018,-3.75
10.102,0.621,1.018,-3.75
10.117,-0.351,-0.332,-3.527
10.133,1.104,-1.259,-2.471
10.149,2.251,-1.875,-3.617
10.164,2.521,-2.069,-3.839
10.18,2.919,-2.335,-3.419
10.195,3.679,-3.386,-2.431
10.21,4.633,-4.32,-2.237
10.227,4.793,-4.675,-2.066
10.244,4.52,-5.01,-1.233
10.259,4.52,-5.01,-1.233
10.275,3.128,-4.343,-0.327
10.29,2.114,-3.757,-0.37
10.306,1.723,-3.455,-0.189
10.321,0.228,-2.278,1.114
10.337,-0.564,-1.846,1.777
10.353,-2.154,0.849,3.281
10.368,-2.154,0.849,3.281
10.384,-5.957,8.343,5.753
10.4,-6.449,9.258,5.352
10.415,-3.57,7.107,3.45
10.431,0.049,3.654,2.2
10.447,3.058,0.923,1.172
10.463,4.307,0.416,0.936
10.479,5.293,0.457,1.001
10.496,9.592,3.544,1.351
10.511,7.848,1.15,0.622
10.527,3.215,-1.608,-1.313
10.544,2.695,-2.607,-2.671
10.559,2.163,-3.834,-2.81
10.574,2.491,-2.761,-4.655
10.59,2.721,-1.094,-4.922
10.605,2.823,0.973,-5.609
10.621,1.997,3.106,-5.72
10.637,0.345,1.97,-5.151
10.652,-0.116,1.112,-4.236
10.668,-0.116,1.112,-4.236
10.684,-1.756,-0.542,-3.905
10.7,-2.511,-0.879,-1.909
10.715,-2.797,-0.507,-0.854
10.731,-2.905,-0.05,-0.625
10.746,-3.277,0.333,-0.228
10.761,-3.366,0.394,-0.087
10.777,-2.879,0.261,0.409
10.793,-2.879,0.261,0.409
10.808,-1.978,0.742,1.081
10.825,-1.857,0.711,1.34
10.84,-1.536,0.329,2.144
10.855,-1.005,0.37,3.596
10.87,0.276,0.642,6.361
10.885,0.056,0.671,4.413
10.901,-0.618,0.02,2.859
10.917,-1.283,-0.999,1.003
10.932,-0.807,-0.959,0.286
10.948,-0.439,-0.475,0.751
10.964,-0.449,0.01,0.878
10.979,-0.716,0.037,1.016
10.995,-0.854,0.04,0.867
11.011,-1.145,0.519,0.173
11.027,-1.057,1.634,-0.679
11.042,-1.104,2.08,-0.863
11.058,-1.462,2.067,-0.805
11.074,-1.617,1.672,-0.753
11.089,-1.772,1.109,0.215
11.105,-1.714,1.299,2.145
11.121,-1.671,3.274,6.529
11.136,-3.638,5.089,5.822
11.152,-3.669,4.362,4.094
11.168,-4.376,3.998,2.143
11.183,-4.376,3.998,2.143
11.199,-1.47,0.124,0.702
11.216,-0.072,0.378,-0.982
11.231,1.49,2.51,-1.781
11.247,1.49,2.51,-1.781
11.263,1.646,2.246,-2.686
11.277,0.075,2.648,-3.038
11.292,0.325,2.94,-2.748
11.309,1.702,1.742,-2.019
11.325,1.503,1.791,-2.754
11.341,1.021,0.475,-4.148
11.357,1.021,0.475,-4.148
11.372,-0.784,-1.386,-2.854
11.388,0.223,-1.669,-3.142
11.404,1.598,-2.234,-4.531
11.419,2.37,-2.629,-3.882
11.435,2.701,-2.632,-3.616
11.452,3.67,-3.179,-2.684
11.468,4.154,-3.511,-2.348
11.484,4.51,-3.631,-2.246
11.5,4.528,-3.81,-2.232
11.516,3.559,-4.203,-1.088
11.531,3.242,-4.264,-0.65
11.548,2.798,-3.874,-0.631
11.562,2.777,-2.976,-0.411
11.578,2.723,-2.55,-0.217
11.594,1.296,-0.427,1.167
11.609,-0.134,0.747,2.083
11.624,-4.024,4.39,4.537
11.64,-6.19,5.879,4.137
11.657,-8.528,7.919,3.283
11.672,-8.528,7.919,3.283
11.688,-2.537,3.787,3.634
11.703,2.019,-0.118,1.109
11.718,2.968,-0.184,1
11.734,3.854,0.357,1.041
11.75,5.636,2.843,-0.527
11.765,4.37,1.727,-0.895
11.781,3.451,-0.227,-1.429
11.797,3.451,-0.227,-1.429
11.812,1.974,-4.323,-1.054
11.828,2.323,-4.242,-1.596
11.844,2.768,-3.05,-2.209
11.859,3.334,0.842,-3.712
11.875,3.139,4.534,-4.389
11.891,3.107,5.618,-3.976
11.906,1.014,-0.012,-2.207
11.922,0.484,-1.919,-2.173
11.939,-0.101,-2.797,-2.867
11.954,-0.101,-2.797,-2.867
11.97,-1.315,0.785,-1.882
11.986,-2.412,0.737,-1.178
12.001,-3.012,0.423,-0.928
12.017,-4.441,0.122,-1.946
12.033,-4.261,-0.641,-1.803
12.048,-3.789,-1.687,-0.475
12.064,-3.789,-1.687,-0.475
12.08,-2.535,-1.315,1.608
12.095,-2.192,-0.655,1.935
12.111,-1.59,0.16,2.346
12.127,-1.327,0.366,2.514
12.142,-0.212,0.428,7.672
12.158,0.803,1.871,4.703
12.174,0.803,1.871,4.703
12.19,-1.259,-0.461,-0.183
12.205,-0.944,-0.546,-0.932
12.221,-0.352,-0.449,-0.598
12.237,-0.352,-0.449,-0.598
12.252,-0.637,1.092,-0.818
12.267,-0.684,3.075,-0.936
12.283,-1.331,3.717,-0.817
12.298,-1.409,3.188,-0.581
12.314,-1.612,3.257,-0.152
12.33,-3.153,7.462,22.888
12.345,-3.153,7.462,22.888
12.361,-4.924,6.777,2.641
12.377,-5.856,4.832,-1.324
12.392,-6.246,2.163,-0.421
12.408,-5.142,0.537,-1.546
12.424,-0.25,0.526,-5.256
12.439,1.643,2.616,-4.402
12.455,2.974,2.821,-3.016
12.471,3.662,2.129,-1.545
12.486,3.662,2.129,-1.545
12.502,2.944,2.285,0.79
12.518,2.421,2.462,-1.532
12.533,1.652,1.751,-6.308
12.549,1.081,0.162,-4.893
12.565,0.541,-1.316,-1.738
12.581,2.657,-1.764,-3.103
12.597,3.21,-2.002,-3.231
12.613,3.529,-1.637,-3.363
12.628,3.529,-1.637,-3.363
12.644,4.997,-2.905,-2.424
12.661,5.193,-3.542,-2.255
12.676,4.899,-4.513,-1.254
12.692,4.665,-4.456,-0.873
12.709,3.039,-3.753,-0.805
12.725,0.561,-3.323,-1.466
12.74,0.561,-3.323,-1.466
12.756,-0.005,-2.573,-0.665
12.771,-0.244,-1.925,-0.1
12.785,-1.839,0.71,2.248
12.801,-2.888,1.316,3.225
12.817,-4.653,2.494,4.253
12.832,-4.445,2.643,3.68
12.848,-1.52,2.627,3.296
12.864,2.14,1.576,2.8
12.879,2.14,1.576,2.8
12.895,4.088,-0.671,0.48
12.911,4.962,-0.615,-0.19
12.926,6.083,0.195,-0.061
12.942,7.925,2.71,1.455
12.958,5.976,9.207,9.722
12.973,2.17,8.819,5.963
12.989,-0.22,-0.044,-9.948
13.005,2.556,-3.339,-7.205
13.021,2.766,-4.301,-4.987
13.037,2.601,-5.147,-3.882
13.053,2.658,-4.612,-3.165
13.068,3.923,-1.361,-3.133
13.084,4.74,0.773,-3.284
13.1,5.974,4.5,-5.061
13.114,3.011,3.616,-7.181
13.13,1.964,2.861,-6.668
13.146,-1.424,1.677,-3.544
13.161,-1.424,1.677,-3.544
13.177,-4.646,0.829,0.265
13.194,-5.481,0.369,1.447
13.209,-5.117,0.273,1.269
13.225,-4.239,0.801,0.212
13.241,-3.635,0.367,0.987
13.256,-3.365,-0.164,1.992
13.272,-2.697,-0.299,2.738
13.288,-1.907,0.017,3.067
13.303,-1.907,0.017,3.067
13.319,-2.261,-0.2,2.331
13.335,-2.358,-0.541,1.769
13.351,-1.755,-1.21,1.407
13.366,-1.29,-1.581,1.494
13.382,-0.809,-1.512,1.458
13.397,-0.193,-0.66,1.257
13.412,0.278,0.503,1.122
13.428,1.106,1.219,0.461
13.444,1.577,1.347,-0.078
13.459,1.684,0.9,-1.204
13.475,1.282,0.698,-1.792
13.492,0.765,0.504,-2.117
13.507,-0.811,0.514,-2.041
13.523,-2.446,1.803,-0.908
13.539,-4.178,3.587,2.203
13.554,-6.803,7.837,16.081
13.57,-5.391,6.179,7.011
13.586,-5.391,6.179,7.011
13.601,-2.862,4.94,-1.917
13.617,-0.37,1.299,-1.289
13.633,3,1.337,-3.104
13.648,3.412,2.232,-2.947
13.664,3.595,2.689,-3.292
13.68,3.595,2.689,-3.292
13.695,0.795,1.47,-0.48
13.711,0.65,1.474,-1.031
13.727,0.65,1.474,-1.031
13.742,0.147,-0.515,-4.047
13.758,-0.474,-0.997,-3.466
13.774,1.465,-1.653,-1.96
13.789,1.465,-1.653,-1.96
13.805,2.282,-1.556,-3.279
13.821,2.312,-1.813,-3.201
13.836,2.765,-2.073,-2.95
13.852,4.268,-2.918,-2.636
13.868,4.268,-2.918,-2.636
13.883,4.596,-3.472,-2.48
13.899,4.462,-3.926,-2.298
13.915,3.66,-4.438,-1.594
13.93,2.278,-4.376,-0.825
13.946,0.986,-3.68,-0.77
13.962,0.299,-2.618,-0.804
13.977,0.293,-1.861,-0.224
13.992,-1.935,2.157,3.601
14.008,-1.935,2.157,3.601
14.024,-5.891,4.987,5.555
14.039,-7.133,7.631,5.856
14.055,-4.044,6.492,5.368
14.071,-2.794,4.411,4.404
14.086,-1.65,1.562,2.978
14.102,1.882,-2.771,0.94
14.118,4.667,-2.29,0.059
14.133,5.809,1.689,-1.505
14.15,8.578,6.245,-2.143
14.166,6.799,2.135,-0.951
14.181,4.972,-0.773,-1.443
14.197,3.881,-2.58,-1.092
14.213,2.612,-5.001,-1.36
14.228,2.156,-4.588,-2.88
14.244,2.343,-3.3,-2.985
14.259,3.522,4.887,-5.135
14.274,2.831,5.04,-5.251
14.29,2.831,5.04,-5.251
14.305,0.453,0.338,-3.966
14.32,-0.177,-0.687,-4.047
14.336,-0.562,-0.946,-3.118
14.352,-1.011,-0.854,-0.814
14.367,-1.659,-1.052,0.154
14.383,-2.009,-1.035,0.306
14.399,-2.812,-0.57,-0.232
14.414,-3.049,-0.554,-0.653
14.43,-2.409,-0.174,-0.504
14.446,-1.674,-0.359,0.203
14.461,-1.674,-0.359,0.203
14.476,-1.362,-1.132,0.321
14.492,-1.11,-0.903,0.584
14.507,-0.881,0.007,0.731
14.523,-0.666,0.439,0.801
14.539,-0.194,1.204,1.033
14.554,0.082,0.89,1.916
14.57,0.17,1.023,2.415
14.586,0.223,2.371,6.472
14.601,-0.461,2.269,8.821
14.617,-1.689,2.268,1.05
14.633,-1.689,1.879,1.845
14.649,-1.841,1.514,0.585
14.664,-2.14,1.54,0.216
14.68,-2.983,2.392,1.244
14.695,-3.338,3.457,4.908
14.711,-3.409,3.06,8.93
14.727,-3.669,4.116,4.866
14.743,-3.815,4.752,1.344
14.758,-3.629,1.561,0.176
14.774,-2.319,0.427,1.785
14.79,-0.647,0.953,1.411
14.805,2.767,3.112,-2.93
14.821,2.913,4.429,-2.819
14.837,1.175,2.555,-3.456
14.852,1.175,2.555,-3.456
14.867,0.689,2.534,-3.49
14.883,0.57,2.478,-3.072
14.898,-0.519,2.275,-3.121
14.914,-0.866,0.468,-4.113
14.93,0.138,-1.401,-2.585
14.945,1.727,-2.289,-2.65
14.961,2.389,-2.87,-3.666
14.977,3.006,-2.944,-3.956
14.992,3.006,-2.944,-3.956
15.008,3.966,-3.563,-3.579
15.024,4.168,-4.094,-2.886
15.039,4.478,-4.446,-2.517
15.055,4.364,-4.72,-2.527
15.071,4.086,-4.911,-2.48
15.086,3.353,-4.912,-2.058
15.101,2.544,-4.091,-1.443
15.117,1.252,-1.922,0.39
15.132,0.495,-1.146,1.256
15.147,-4.617,4.188,6.693
15.163,-4.617,4.188,6.693
15.178,-9.668,7.938,6.933
15.194,-7.887,8.471,3.978
15.21,-2.559,5.362,2.404
15.226,-0.873,2.938,1.429
15.241,0.594,-0.138,1.063
15.256,3.896,-0.92,-0.522
15.272,3.896,-0.92,-0.522
15.287,5.27,2.648,-0.899
15.303,6.567,4.177,-0.947
15.319,6.853,3.996,-0.651
15.334,2.628,0.393,-1.037
15.35,1.321,-1.793,-1.091
15.366,0.894,-2.496,-1.359
15.381,0.602,-3.611,-1.619
15.397,1.144,-2.457,-2.1
15.413,1.321,-1.392,-2.224
15.428,1.368,1.622,-2.938
15.444,0.285,4.29,-3.842
15.46,-1.57,2.755,-5.288
15.475,-1.718,1.309,-5.035
15.491,-3.036,-0.692,-4.201
15.507,-2.477,-0.574,-3.24
15.521,-1.225,0.14,-2.355
15.537,-0.246,0.636,-1.83
15.553,0.098,0.767,-1.582
15.568,0.086,-0.342,-0.737
15.584,0.22,0.256,-0.731
15.6,0.636,2.26,-1.183
15.615,0.919,2.387,-1.284
15.631,0.584,0.874,-1.108
15.647,-0.751,-2.816,-0.67
15.662,-0.915,-3.612,0.025
15.678,-0.438,-2.387,0.003
15.694,-0.114,-2.024,0.035
15.709,-0.772,-0.206,3.058
15.725,-0.772,-0.206,3.058
15.741,-0.306,1.345,1.517
15.756,-0.96,1.976,3.508
15.772,-1.811,1.23,2.156
15.788,-2.282,1.288,1.523
15.803,-2.522,1.139,1.599
15.818,-2.941,0.335,2.576
15.834,-2.873,-0.043,2.47
15.85,-2.271,0.328,2.127
15.865,-1.845,0.748,2.206
15.881,-0.457,2.815,2.761
15.897,-0.035,3.922,2.615
15.912,0.974,5.497,2.576
15.928,1.702,5.055,3.195
15.943,2.795,2.782,3.426
15.958,2.889,0.507,1.633
15.974,3.189,-0.4,0.121
15.989,3.467,-0.769,-0.589
16.003,3.292,-1.058,-1.288
16.019,3.584,-0.138,-2.276
16.035,4.473,1.133,-2.883
16.05,6.187,3.794,-7.09
16.066,7.865,4.141,-9.852
16.081,9.147,0.657,-7.442
16.096,5.195,-3.228,-6.233
16.112,3.806,-3.516,-5.573
16.128,-0.819,-2.183,-3.567
16.143,-0.384,-1.084,-2.797
16.159,-0.306,0.286,-3.64
16.175,0.176,1.686,-3.384
16.19,0.923,2.253,-2.204
16.206,-0.463,-0.126,-1.798
16.222,-0.231,-0.644,-0.8
16.237,-0.185,0.543,1.03
16.253,-0.929,0.362,0.742
16.269,-0.537,-1.407,0.947
16.283,-0.697,-1.857,1.229
16.299,-0.199,0.152,2.355
16.315,-0.314,0.991,2.398
16.33,-0.525,1.328,0.954
16.346,0.538,1.369,0.2
16.361,2.901,0.004,-0.202
16.376,3.481,-2.62,0.67
16.392,2.422,-1.112,2.44
16.408,2.624,0.277,1.9
16.423,1.057,-0.331,0.336
16.439,-0.461,0.112,-0.991
16.455,-1.167,0.524,-1.606
16.47,-1.366,0.886,-2.253
16.486,-0.651,1.108,-2.238
16.502,-0.683,0.6,-0.969
16.517,-2.245,0.199,-0.271
16.533,-1.604,0.096,-0.179
16.549,-0.792,0.797,-0.033
16.565,-1.73,0.998,-0.291
16.58,-2.358,1.28,-1.1
16.596,-1.95,1.077,0.403
16.611,-2.038,0.838,0.829
16.626,-2.295,0.433,1.123
16.641,-0.364,0.967,0.918
16.657,0.651,-0.261,0.757
16.672,1.004,-1.073,0.63
16.688,1.966,0.728,-1.587
16.704,1.635,1.027,-2.616
16.719,1.364,-0.163,-2.408
16.735,1.703,-0.481,-1.928
16.751,2.302,-0.626,-1.529
16.766,3.774,-0.572,-1.43
16.782,1.597,-0.544,0.214
16.797,-0.619,0.402,0.866
16.812,0.199,1.151,0.91
16.828,0.384,0.301,0.011
16.844,-0.67,-0.409,0.026
16.859,-0.546,-0.564,-0.487
16.875,-0.042,-0.239,-0.853
16.891,0.411,-0.193,-0.794
16.906,-0.513,0.66,0.404
16.922,-1.662,0.095,0.736
16.938,-2.45,-1.012,1.567
16.954,-1.681,0.835,3.042
16.969,1.562,-0.319,1.96
16.985,3.713,-0.41,0.454
17.001,3.528,-0.224,-0.493
17.016,1.303,0.304,-1.03
17.032,1.081,1.921,-1.443
17.047,2.033,1.769,-1.347
17.063,-3.446,-0.258,-0.454
17.079,-2.703,0.444,-1.172
17.094,-0.389,-0.451,-0.309
17.11,0.886,-0.41,-1
17.126,0.886,-0.41,-1
17.141,-0.178,-0.482,-1.003
17.157,-0.305,-0.505,-0.758
17.173,-0.632,0.653,-0.086
17.188,-0.962,0.111,-0.347
17.203,0.5,0.896,-0.688
17.219,0.019,0.607,-0.319
17.234,-0.528,0.592,-0.017
17.25,-1.737,0.101,-0.048
17.266,-1.383,0.206,0.012
17.282,-0.062,-0.651,-0.06
17.297,0.419,-0.195,0.591
17.313,0.723,0.183,1.459
17.329,2.684,0.43,2.177
17.344,0.084,1.632,1.167
17.36,0.146,2.446,0.28
17.376,0.07,3.57,0.19
17.391,-1.095,4.006,0.041
17.407,-1.316,3.232,-0.229
17.423,-1.219,3.759,-0.432
17.438,-0.37,4.345,-0.985
17.454,-0.073,3.914,-1.461
17.47,-0.538,4.068,-1.848
17.484,-1.481,4.608,-1.495
17.5,-0.816,3.438,0.773
17.516,1.637,2.735,3.798
17.531,2.73,2.344,2.767
17.547,2.73,2.344,2.767
17.562,2.491,3.059,1.407
17.577,4.494,0.433,1.33
17.593,6.192,1.126,0.04
17.609,6.937,-3.492,-2.563
17.624,6.581,-3.738,-1.88
17.64,5.718,-3.155,-0.809
17.656,4.804,-1.869,0.758
17.672,2.717,-1.416,-1.055
17.687,2.688,1.037,0.19
17.703,2.335,-0.676,0.172
17.719,2.147,-0.271,-0.224
17.734,2.413,-1.282,-2.451
17.75,0.447,-0.544,-1.002
17.766,-0.072,-0.516,1.939
17.781,-6.602,1.347,-2.628
17.797,-1.214,0.264,-2.786
17.813,1.222,-3.238,-0.102
17.828,2.891,-3.007,0.505
17.844,-3.583,-0.552,1.109
17.86,-5.1,1.567,2.591
17.875,-4.878,2.419,3.005
17.891,-3.267,1.748,2.824
17.907,-2.934,2.08,1.576
17.922,-3.212,1.729,1.704
17.938,-4.144,1.352,1.876
17.954,-4.42,0.741,-0.072
17.969,-4.563,-0.799,-3.222
17.985,-3.65,-1.39,-5.402
18.001,-3.075,-1.938,-5.198
18.016,-2.676,-1.679,-4.555
18.032,-1.594,-1.446,-5.026
18.048,-0.085,-2.014,-4.886
18.063,1.248,-2.584,-4.033
18.079,1.729,-2.591,-3.015
18.095,2.215,-2.134,-1.66
18.11,2.894,-1.909,-1.445
18.126,3.204,-2.178,-1.424
18.142,3.032,-1.517,-1.171
18.157,3.363,-0.684,-0.171
18.173,3.431,-0.337,-0.049
18.189,3.521,0.275,0.843
18.203,3.097,0.578,0.74
18.219,1.94,1.039,0.322
18.235,2.004,1.723,1.047
18.25,1.931,2.189,1.514
18.266,1.297,2.184,2.428
18.282,0.834,2.2,2.442
18.298,-0.254,2.314,1.325
18.313,-0.026,2.071,1.035
18.329,1.086,1.499,1.745
18.345,1.577,1.761,1.889
18.36,1.577,1.761,1.889
18.375,-0.44,2.639,1.419
18.391,-0.871,2.469,1.277
18.406,-4.887,5.632,1.711
18.422,-5.597,2.789,1.776
18.437,-0.909,1.525,0.998
18.452,-0.727,2.581,1.61
18.468,-1.275,3.013,1.134
18.484,1.169,2.623,5.455
18.499,1.122,1.631,0.877
18.515,0.03,0.557,1.694
18.531,-3.347,-1.28,-5.116
18.546,-3.01,-0.866,-1.237
18.562,-2.177,-0.988,0.989
18.578,-1.666,-0.407,0.108
18.593,-2.138,-0.238,-0.804
18.609,-1.449,-1.061,-0.827
18.625,-1.017,-0.887,0.684
18.64,-0.958,-1.105,1.391
18.656,-0.886,-0.881,1.18
18.672,-0.795,-0.041,0.629
18.687,-0.116,0.531,0.471
18.703,0.08,0.615,0.084
18.719,0.046,0.24,-0.577
18.734,0.562,0.387,-0.859
18.75,0.369,0.64,-0.43
18.766,-0.134,0.507,0.313
18.781,-0.284,0.342,0.518
18.797,-0.361,0.336,0.425
18.813,-0.185,0.378,0.534
18.825,-0.606,0.43,0.576
18.84,-0.969,0.249,0.735
18.856,1.885,-0.546,-1.029
18.871,1.638,0.201,-1.433
18.886,-0.123,0.046,-1.438
18.902,-0.212,0.299,-0.736
18.917,-0.079,0.142,-0.321